{
  "dominant_cost_breakdown": {
    "lookup_share_fraction_2lookup": 0.0629214863972226,
    "lookup_share_fraction_3lookup": 0.09150346265544716,
    "arithmetic_share_fraction_2lookup": 0.9370785136027774,
    "arithmetic_share_fraction_3lookup": 0.9084965373445528,
    "max_total_reduction_fraction_from_arithmetic_only_2lookup": 0.9370785136027774,
    "max_total_reduction_fraction_from_arithmetic_only_3lookup": 0.9084965373445528
  },
  "lookup_folding": {
    "contract_sha256": "0727068cfe6b5d0bad467b3b55892a5661bfab1ee990de73bd0a23393142484e",
    "folded_scaffold_sha256": "8411a9ad26c2ac51c0fb27e7a2a63b6750902cef8a5f9b4c4e702a315b460d7a",
    "exhaustive_cases": 65536,
    "exhaustive_pass": 65536,
    "multibase_samples": 15906,
    "multibase_pass": 15906,
    "pad0_total_non_clifford_2channel_folded": 29163456,
    "pad0_total_non_clifford_3channel_folded_conservative": 30080960,
    "pad0_improvement_fraction_vs_pre_folding_baseline_2channel": 0.05919673955457927,
    "pad0_improvement_fraction_vs_pre_folding_baseline_3channel_conservative": 0.08383249873787335
  },
  "challenge_ladder": {
    "curve_count": 7,
    "max_field_bits": 18,
    "audit_total": 763,
    "audit_pass": 763,
    "sha256": "af75fb2e86a1fd640ba2da92529bda245f31f3d56b4b65dfa72b372b17179d68"
  },
  "literature_matrix": {
    "entry_count": 17
  },
  "physical_stack_reference": {
    "entry_count": 3
  }
}