{
  "dominant_cost_breakdown": {
    "lookup_share_fraction_2lookup": 0.08200272024404619,
    "lookup_share_fraction_3lookup": 0.11815938487501217,
    "arithmetic_share_fraction_2lookup": 0.9179972797559538,
    "arithmetic_share_fraction_3lookup": 0.8818406151249878,
    "max_total_reduction_fraction_from_arithmetic_only_2lookup": 0.9179972797559538,
    "max_total_reduction_fraction_from_arithmetic_only_3lookup": 0.8818406151249878
  },
  "lookup_folding": {
    "contract_sha256": "c3b6cc711aa323951a580f6a54a027d84bf84d6a5ad66965751db865553b635d",
    "folded_scaffold_sha256": "dea4d9d209f42734fb70cee6b5a2d968f4c4f0bf61c4d1646a554fcd9518f3d4",
    "exhaustive_cases": 65536,
    "exhaustive_pass": 65536,
    "multibase_samples": 15922,
    "multibase_pass": 15922,
    "pad0_total_non_clifford_2channel_folded": 22377404,
    "pad0_total_non_clifford_3channel_folded_conservative": 23294908,
    "pad0_gain_vs_google_low_qubit_2channel": 4.021914248855676,
    "pad0_gain_vs_google_low_gate_2channel": 3.128155526887748
  },
  "challenge_ladder": {
    "curve_count": 7,
    "max_field_bits": 18,
    "audit_total": 763,
    "audit_pass": 763,
    "input_sha256": "4ef85ec2d436c41c80a9b78fb43f32b281cbe63e92420b20f6424ca9ad9bc428"
  },
  "literature_matrix": {
    "entry_count": 17
  },
  "optimization_frontier": {
    "frontier_count": 5,
    "current_headline": {
      "logical_qubits": 880,
      "non_clifford_2lookup": 22377404,
      "non_clifford_3lookup": 23294908,
      "source_model": "addsub_modmul_named_slots_v2"
    }
  },
  "physical_stack_reference": {
    "entry_count": 4
  }
}