{
  "dominant_cost_breakdown": {
    "lookup_share_fraction_2lookup": 0.06292190927900379,
    "lookup_share_fraction_3lookup": 0.09150405887297278,
    "arithmetic_share_fraction_2lookup": 0.9370780907209962,
    "arithmetic_share_fraction_3lookup": 0.9084959411270273,
    "max_total_reduction_fraction_from_arithmetic_only_2lookup": 0.9370780907209962,
    "max_total_reduction_fraction_from_arithmetic_only_3lookup": 0.9084959411270273
  },
  "lookup_folding": {
    "contract_sha256": "0727068cfe6b5d0bad467b3b55892a5661bfab1ee990de73bd0a23393142484e",
    "folded_scaffold_sha256": "8411a9ad26c2ac51c0fb27e7a2a63b6750902cef8a5f9b4c4e702a315b460d7a",
    "exhaustive_cases": 65536,
    "exhaustive_pass": 65536,
    "multibase_samples": 15906,
    "multibase_pass": 15906,
    "pad0_total_non_clifford_2channel_folded": 29163260,
    "pad0_total_non_clifford_3channel_folded_conservative": 30080764,
    "pad0_gain_vs_google_low_qubit_2channel": 3.0860747392438292,
    "pad0_gain_vs_google_low_gate_2channel": 2.4002803527452006
  },
  "challenge_ladder": {
    "curve_count": 7,
    "max_field_bits": 18,
    "audit_total": 763,
    "audit_pass": 763,
    "input_sha256": "4ef85ec2d436c41c80a9b78fb43f32b281cbe63e92420b20f6424ca9ad9bc428"
  },
  "literature_matrix": {
    "entry_count": 17
  },
  "optimization_frontier": {
    "frontier_count": 7,
    "current_headline": {
      "logical_qubits": 880,
      "non_clifford_2lookup": 29163260,
      "non_clifford_3lookup": 30080764,
      "source_model": "carry_save_single_lane_v2_derived"
    }
  },
  "physical_stack_reference": {
    "entry_count": 3
  }
}